,taz_0,taz_1,taz_2,taz_3,taz_4,taz_5,taz_6,taz_7,taz_8,taz_9,taz_10,taz_11
0,428.652557574595,452.9904758118058,456.1385696453869,447.3204398259784,426.5404088846294,423.13788805173226,486.16414330456405,517.6325367175197,442.92910447020154,476.7007326029063,440.3510362692967,457.9486552212681
