{
    "n_samples": 199,
    "start_counter": 200,
    "sysusr_time": [
        0.007145632999999929,
        1.168372186,
        1.1564409159999993,
        1.1278097740000002,
        1.1721081410000007,
        1.1587548830000003,
        1.1843524890000001,
        1.1687465840000009,
        1.128309604,
        1.1879900820000007,
        1.1725218710000007,
        1.1905116279999994,
        1.1777668890000008,
        1.1752757809999999,
        1.2090380570000008,
        1.21114369,
        1.2052729149999983,
        1.1950336829999983,
        1.2158246099999985,
        1.1998001580000022,
        1.205594656999999,
        1.1958086699999981,
        1.1760455589999985,
        1.180371449999999,
        1.2081751720000007,
        1.1993382769999954,
        1.2351173009999954,
        1.1472685269999943,
        1.1664679960000015,
        1.2439244159999987,
        1.2281357069999999,
        1.2010440250000016,
        1.224565626999997,
        1.1851612509999967,
        1.234653477000002,
        1.2171544290000043,
        1.2042704910000026,
        1.1802308669999988,
        1.2192910179999998,
        1.2510574909999974,
        1.2032015750000014,
        1.2441261029999993,
        1.2493468090000022,
        1.2521593930000066,
        1.2388956049999962,
        1.2544148160000006,
        1.2364760489999966,
        1.224632360000001,
        1.2319600729999962,
        1.2275589199999999,
        1.2398357210000057,
        1.2156447809999946,
        1.2541132740000052,
        1.2594071320000069,
        1.2094953520000047,
        1.2480524630000076,
        1.2573129930000135,
        1.2597880550000013,
        1.2542854720000065,
        1.2465247669999968,
        1.219808142000005,
        1.2578360000000117,
        1.2630661570000115,
        1.2841079379999911,
        1.2767904729999913,
        1.2692565090000016,
        1.290232310999997,
        1.3050001040000012,
        1.2328793669999953,
        1.2649406139999968,
        1.2689331109999955,
        1.2748559449999988,
        1.2543870639999994,
        1.275796434,
        1.2941515259999932,
        1.2787444790000109,
        1.2955792749999944,
        1.3073848549999951,
        1.2806214060000087,
        1.2875986860000097,
        1.269321614000006,
        1.2986668250000122,
        1.268024785999998,
        1.304266149,
        1.2890399290000119,
        1.297239257000001,
        1.2725213679999996,
        1.330265488000009,
        1.2846642479999986,
        1.3100875819999942,
        1.3290325530000047,
        1.3020620709999946,
        1.318655342999989,
        1.3285133380000076,
        1.3388699989999964,
        1.3076818549999984,
        1.3405721010000065,
        1.2897333509999953,
        1.327841845000009,
        1.2724421380000024,
        1.3425986259999974,
        1.3493900459999963,
        1.3305604200000118,
        1.3450165389999995,
        1.3311700309999992,
        1.349691938999996,
        1.3285611290000077,
        1.330666349000012,
        1.3083672749999948,
        1.3164849839999988,
        1.3515099360000136,
        1.3417983239999955,
        1.3289221090000183,
        1.367099890999981,
        1.3769339669999852,
        1.3748309989999825,
        1.3211789800000133,
        1.3531679080000174,
        1.3700868580000076,
        1.348791736999999,
        1.3333330279999984,
        1.3532315320000237,
        1.3709303029999944,
        1.347726227999999,
        1.365392366000009,
        1.384970922000008,
        1.3647563559999867,
        1.3479661470000224,
        1.3688115360000097,
        1.3815260520000265,
        1.3919644679999976,
        1.3725995149999903,
        1.359703091,
        1.3855255550000152,
        1.339519499000005,
        1.3820076499999914,
        1.379817696999993,
        1.3907231780000018,
        1.3813435060000074,
        1.4156785090000028,
        1.4115443379999988,
        1.3893609350000133,
        1.3598385359999838,
        1.409345127999984,
        1.3587847769999826,
        1.381909750999995,
        1.4160462730000063,
        1.3711186569999825,
        1.3977993399999775,
        1.384238876999973,
        1.4112507629999982,
        1.422910298000005,
        1.415078195999996,
        1.3821142909999935,
        1.406899583000012,
        1.4279845119999948,
        1.4388921299999993,
        1.4191597909999984,
        1.4660382769999956,
        1.3975824880000118,
        1.4168540769999822,
        1.4275334570000098,
        1.4587645109999983,
        1.4281785580000133,
        1.4753799270000059,
        1.443837455000022,
        1.4345333840000194,
        1.4406177740000032,
        1.4003550990000235,
        1.4805824710000195,
        1.4286604140000065,
        1.412955347999997,
        1.4648197550000077,
        1.471709842000024,
        1.4507424420000063,
        1.4696268369999927,
        1.477486072000005,
        1.4165908960000024,
        1.4694001790000186,
        1.4445414109999888,
        1.4521939509999982,
        1.4339530910000065,
        1.4594303730000036,
        1.4728618309999888,
        1.4773468209999976,
        1.4730688300000168,
        1.453118934999992,
        1.489234621999998,
        1.4434173539999904,
        1.4338600840000026,
        1.4670605670000043,
        1.4949077720000048,
        1.4755588689999968,
        1.5135455849999744,
        1.4876427220000323,
        1.4403069980000396,
        1.464403209000011,
        1.4673673340000164,
        1.4869713929999762,
        1.4762127790000363
    ],